Unnamed: 0,country,year,suicides_per_100k,schizophrenia_prev,depressive_prev,anxiety_prev,bipolar_prev,eating_prev,total_mental_illness_prev,ladder_x,mental_wellness_index,ladder_y,socexp_c_pmp,socexp_k_pmp
0,Argentina,2011,-0.5001255385529814,0.3126622,2.4141257,4.8977876,1.0390755,0.3182385,-0.1569914274773693,0.0727519771935669,0.7298689432239176,6.242,,
1,Argentina,2012,-0.3860609785293851,0.31248406,2.4159813,4.910255,1.039073,0.3215158,-0.1482193346352655,0.4208330729616809,0.9551133861263316,6.562,,
2,Argentina,2014,-0.4182730720208236,0.31203017,2.4207559,4.938433,1.0390805,0.3277988,-0.1286860859156089,0.4338861140529847,0.9808452719894172,6.574,,
3,Argentina,2015,-0.488469512580548,0.3119528,2.423345,4.949739,1.0390844,0.3300228,-0.1206059192493229,0.5165553742979122,1.125630806127783,6.65,,
4,Armenia,2011,-1.2446461329147334,0.27981967,2.9046485,3.1495562,0.541904,0.11584397,-1.1591632548370276,-1.8503960769252608,0.5534133108265005,4.474,,
5,Armenia,2012,-1.2015626642528014,0.2800859,2.9182613,3.150064,0.5418589,0.11758394,-1.1510649242462545,-2.0222611179607672,0.3303664705382885,4.316,,
6,Armenia,2014,-1.3082190459141874,0.28063414,2.9476657,3.151906,0.54176444,0.120462425,-1.133651997717493,-1.9852775015354052,0.456593542096275,4.35,,
7,Armenia,2015,-1.2246637215743406,0.28087538,2.9542494,3.151636,0.5417096,0.1219621,-1.1296235167358932,-1.974399967292651,0.3798872710175829,4.36,,
8,Armenia,2016,-1.2037978405977403,0.28138682,2.955971,3.1497703,0.541649,0.123195335,-1.128848024925231,-1.956995912504245,0.3756499530187265,4.376,,
9,Australia,2011,0.0483901073571887,0.38851094,4.661994,5.6058693,1.1250392,0.99799436,1.7553411379796005,1.2725440041692837,-0.5311872411675058,7.345,12.026,8.317
10,Australia,2012,0.1485022322244458,0.3885316,4.630723,5.5849586,1.1250232,1.0032136,1.7316943973852983,1.2779827712906602,-0.6022138583190841,7.35,12.418,8.382
11,Australia,2014,0.2983596556005515,0.38856968,4.56489,5.544875,1.1250142,1.0123483,1.682972165161744,1.2061910452884868,-0.7751407754738087,7.284,13.554,8.566
12,Australia,2015,0.3599085278774069,0.38857755,4.5340767,5.5441623,1.1250105,1.0158271,1.66885041635988,1.237735894592472,-0.791023049644815,7.313,13.693,9.037
13,Austria,2011,0.721206990461846,0.27560493,3.0925705,5.91934,0.90190107,0.55502725,0.7305855700211238,1.144189100104792,-0.3076034603781776,7.227,18.68,8.659
14,Austria,2012,0.6891352566183621,0.27541992,3.0992143,5.931905,0.9018285,0.5582181,0.7417357471058881,1.298650086351892,-0.132220917372358,7.369,18.876,8.827
15,Austria,2014,0.7256041205668652,0.27508944,3.1144185,5.9566393,0.901455,0.5628904,0.7638460926259235,1.1148197576493577,-0.3746304555434312,7.2,19.222,9.025
16,Austria,2015,0.5926155909997476,0.2750848,3.117166,5.963028,0.9011552,0.5627958,0.7682459017322039,1.026711730283053,-0.3341497624488985,7.119,19.211,9.108
17,Austria,2016,0.7120207393300587,0.27593783,3.1172068,5.983274,0.90091336,0.5598134,0.7772677321698278,0.9037955933399384,-0.5854928781599479,7.006,19.064,9.155
18,Bahrain,2011,-1.3715218465703374,0.27152345,4.6143723,4.9203353,0.7766089,0.27338436,0.7868753856812667,-0.6603938307680228,-0.0757473698789521,5.568,,
19,Bahrain,2012,-1.378783374091209,0.27128288,4.5911293,4.9186068,0.7771692,0.27505082,0.7753005746158079,-0.938858707382513,-0.3353759079071119,5.312,,
20,Bahrain,2014,-1.500141925409377,0.27074158,4.5524645,4.909362,0.7779736,0.27849597,0.7530419113613966,-0.2339944884520832,0.5131055255958972,5.96,,
21,Belarus,2011,1.9014701456799272,0.2742778,3.922725,3.5010548,0.5211749,0.12181314,-0.4797039165392781,-0.6625693376165733,-2.0843355667572228,5.566,,
22,Belarus,2014,1.2179476026470002,0.2768987,3.8970487,3.4930503,0.52108866,0.12941444,-0.4915604925248306,-0.3938942418205606,-1.1202813519427302,5.813,,
23,Belgium,2011,1.3071940996162514,0.2739011,3.6392348,5.034762,0.90041107,0.42080608,0.4912222594331746,1.0201852097374018,-0.7782311493120242,7.113,18.066,9.313
24,Belgium,2012,1.196953912553565,0.27387935,3.6182528,5.0539336,0.9004145,0.4234204,0.49161786739204,0.8613732097931991,-0.8271985701524059,6.967,17.698,9.552
25,Belgium,2014,0.9873254006877096,0.27386415,3.5673435,5.090465,0.9004224,0.42841125,0.4868871143009228,0.8287406070649391,-0.6454719079236931,6.937,18.131,9.527
26,Belgium,2015,0.9326769877726296,0.27389416,3.5513406,5.100454,0.900407,0.4296135,0.48447144830932,0.8200385796707362,-0.5971098564112135,6.929,17.939,10.41
27,Belize,2011,0.0280932062796055,0.27007607,3.2525074,4.1159897,0.90720516,0.19155549,-0.280143379353803,0.3000924428671158,0.5521426159413132,6.451,,
28,Belize,2015,-0.4323064519690944,0.2700765,3.27551,4.161798,0.9073512,0.19304523,-0.2446680262540354,-0.2383455021491841,0.4386289760739456,5.956,,
29,Bosnia and Herzegovina,2011,-1.5876254418119005,0.28605464,2.7690966,3.5582404,0.54873204,0.1252981,-1.0102817992634976,-1.4337865154277996,1.1641207256475985,4.857,,
30,Bosnia and Herzegovina,2014,-0.3692339178683588,0.2864464,2.7253609,3.5413043,0.54880935,0.12942567,-1.0385198079075135,-1.3337132003944674,0.0740405253814051,4.949,,
31,Brazil,2011,-0.8342956665572258,0.27709642,3.9285553,8.370385,1.1121776,0.22251388,2.3250450003377643,0.5676797852388537,-0.9230695485416848,6.697,,
32,Brazil,2012,-0.8055165371470169,0.2774228,3.8990006,8.088891,1.1121545,0.22528383,2.1699564730111374,0.7330183057287077,-0.6314216301354126,6.849,,
33,Brazil,2014,-0.7955079298187502,0.27807996,3.853073,7.479013,1.1120973,0.23033057,1.8425531693347117,0.8787772645816048,-0.1682679749343565,6.983,,
34,Brazil,2015,-0.7629203812971245,0.27828407,3.8358004,7.360401,1.1120592,0.23156287,1.7748293319079145,0.8450569084290691,-0.166852042181721,6.952,,
35,Bulgaria,2011,-0.0444344004581071,0.28600302,2.7003644,3.4329734,0.4665672,0.14322583,-1.140348959125102,-2.486731830126344,-1.3019484705431346,3.889,11.0,4.9
36,Bulgaria,2012,0.2036941773024356,0.28650185,2.6894946,3.422339,0.46650815,0.14473698,-1.1501954830989756,-2.386658515093011,-1.4401572092964712,3.981,11.0,5.0
37,Bulgaria,2014,-0.0871244019847324,0.2874742,2.676565,3.4013243,0.46645012,0.14818966,-1.165089850820203,-2.128860953539752,-0.8766467007348167,4.218,12.1,5.7
38,Canada,2011,0.0448179631282471,0.2884196,3.1614926,4.296102,0.8054201,0.4237151,-0.1603855685205965,1.440058031507688,1.5556256369000374,7.499,8.665,8.164
39,Canada,2012,0.1143125886301742,0.28843358,3.186795,4.311892,0.80541104,0.4240799,-0.1395063110568782,1.416127456173631,1.441321178600335,7.477,8.749,8.231
40,Chile,2011,0.2341091150336613,0.31775567,3.6592705,5.5728517,0.9952963,0.33186218,0.797355793858784,-0.0512519131738233,-1.0827168220662688,6.128,,
41,Chile,2012,0.0480286511184405,0.3176948,3.66596,5.548886,0.9953042,0.33612755,0.7907772001049065,0.4480269085685642,-0.3907789426547828,6.587,,
42,Chile,2014,-0.0312398649667848,0.31750998,3.681712,5.493733,0.99530977,0.3447797,0.7752026042385198,0.5383104427834189,-0.205652296488316,6.67,,
43,Chile,2015,-0.0035998878983447,0.3175006,3.6864562,5.479053,0.9953073,0.34853354,0.7720835607918427,0.5763818126330564,-0.1921018602604415,6.705,,
44,Colombia,2011,-0.912773394374238,0.27885714,2.2282627,3.997384,0.7404865,0.20143916,-0.93020960023945,0.0292418402225527,1.8722248348362405,6.202,,
45,Colombia,2012,-0.8959442908080452,0.2791258,2.2073174,4.0009246,0.74043095,0.20400381,-0.9375753511023184,0.2620210730174792,2.0955407149278424,6.416,,
46,Colombia,2014,-0.9092546479956788,0.27969244,2.1753545,4.018868,0.7403615,0.20892034,-0.9419090006189408,0.3283740318982757,2.179537680512896,6.477,,
47,Colombia,2015,-0.8496822563400677,0.2799551,2.16934,4.033796,0.7403241,0.21147159,-0.9360222121830514,0.3327250455953767,2.118429514118496,6.481,,
48,Costa Rica,2011,-0.5289267915128576,0.28589788,3.1881115,4.1086783,0.87206006,0.21957816,-0.3118725476629349,1.1702951822874006,2.011094521463193,7.251,,
49,Costa Rica,2012,-0.5898419180819869,0.28588536,3.1913335,4.1277094,0.8721827,0.22147846,-0.2996540629097169,1.176821702833052,2.066317683824756,7.257,,
50,Costa Rica,2014,-0.7276543059841878,0.28577724,3.1998212,4.1671433,0.8723873,0.22530004,-0.2735489431528962,1.1431013466805164,2.1443045958176006,7.226,,
51,Croatia,2011,0.81491018280262,0.29379448,3.0329254,3.544934,0.54523414,0.16161147,-0.8637025493592533,-0.6005673924328776,-0.5517750258762443,5.623,13.6,6.6
52,Croatia,2012,1.159223374058016,0.2938508,3.0223985,3.5525165,0.5451964,0.16212529,-0.8649171705364266,-0.5592327623104149,-0.8535389658320043,5.661,13.7,7.0
53,Croatia,2014,0.981935316500826,0.29396144,3.0046828,3.570098,0.54512924,0.16315871,-0.8644424510572722,-0.4526329267314292,-0.5701257921749829,5.759,13.9,7.2
54,Croatia,2015,1.0619629122315049,0.29400748,2.9999287,3.575285,0.5451007,0.16369322,-0.8639464757075167,-0.7474141047100503,-0.9454305412340384,5.488,13.8,7.3
55,Croatia,2016,1.1602815994464062,0.29422173,3.0040376,3.5780432,0.5450728,0.16471277,-0.859881120498844,-0.9595260224437449,-1.259926501391307,5.293,13.7,7.4
56,Cuba,2011,0.4489056162599695,0.27800474,3.7638245,4.2069716,0.9479309,0.17751789,0.0405910447350571,-0.8235568444093255,-1.3130535054043522,5.418,,
57,Cyprus,2011,-1.065829801955957,0.2745345,2.9693859,6.4914937,0.9096582,0.40491813,0.8844510211583207,0.2620210730174792,0.4433998538151151,6.416,14.8,4.3
58,Cyprus,2012,-0.9682959841013355,0.27427214,2.9829354,6.50126,0.9098102,0.40384167,0.8955946064556843,0.3164087442312467,0.3891101218768979,6.466,15.8,3.9
59,Cyprus,2014,-0.8170888456750333,0.27375478,3.0125203,6.518057,0.91005874,0.40077922,0.9172737967080232,-0.5287756664307044,-0.6289606174636942,5.689,16.2,3.5
60,Cyprus,2015,-0.8810019007063401,0.27368838,3.0200424,6.5200295,0.9101596,0.40038744,0.9218750959575084,-0.6843244061020799,-0.7251976013532483,5.546,15.8,3.7
61,Cyprus,2016,-0.875805613369628,0.27445996,3.0155115,6.4977756,0.9102467,0.40225446,0.9097595518597794,-0.6027428992814281,-0.6366968377715795,5.621,15.1,3.7
62,Denmark,2011,0.0161102686125622,0.2409809,3.4911556,4.8299036,0.9410235,0.45879945,0.3364980529950414,1.82838600397399,1.4757776823663864,7.856,15.353,14.654
63,Denmark,2012,0.2054358406728679,0.24075875,3.4912093,4.8479366,0.9410103,0.45912847,0.3456532198320402,1.651082195817107,1.0999931353121988,7.693,15.373,14.79
64,Denmark,2014,0.0955065748544539,0.24015133,3.494156,4.8869395,0.94085705,0.4597326,0.3666991301698785,1.4705151273873984,1.008309422363066,7.527,16.605,14.403
65,Denmark,2015,-0.0929091150113645,0.23999041,3.4930105,4.896541,0.94074917,0.46083546,0.3713773654987375,1.4694273739631227,1.1909591234757495,7.526,16.225,14.342
66,Ecuador,2011,-0.6304734905339435,0.27494526,3.3436587,5.1464357,0.9082741,0.26569536,0.3249894015192409,-0.8159425704393983,-0.5104584814246957,5.425,,
67,Ecuador,2012,-0.5862194682531398,0.27526292,3.341263,5.166718,0.90822977,0.26902258,0.3358097777327958,-0.3373310637582417,-0.0869213732378977,5.865,,
68,Ecuador,2014,-0.8651432139074677,0.27583277,3.3361611,5.2078395,0.9081343,0.27580678,0.3576035563138527,-0.2176781870879532,0.2898614705056618,5.975,,
69,Ecuador,2015,-0.540207718937858,0.2759743,3.3338869,5.218065,0.90808165,0.27871346,0.3631161135193035,-0.2165904336636775,-0.039498828245123,5.976,,
70,El Salvador,2011,-0.3522944700764357,0.26832733,3.4408638,4.364949,0.826486,0.18553731,-0.1044817526219501,-0.2383455021491841,0.2184307205492017,5.956,,
71,El Salvador,2012,-0.2902182796357973,0.2683105,3.4341145,4.377914,0.8264442,0.18706387,-0.1006124741329116,-0.3982452555176616,-0.0074145017489525,5.809,,
72,El Salvador,2014,-0.6278542698639239,0.26821285,3.4197683,4.4023585,0.8263723,0.18953082,-0.0943703183593275,-0.0490764063252729,0.6731481818979785,6.13,,
73,Estonia,2011,0.9146338194558652,0.28728718,3.834866,3.4097662,0.52339095,0.16400343,-0.5410049610604604,-0.9192791457455568,-1.2929080041409615,5.33,10.841,5.12
74,Estonia,2012,1.1296074441340225,0.2878109,3.7865093,3.4063754,0.52331436,0.16490607,-0.5663839619474619,-0.8148548170151226,-1.378078299201683,5.426,10.361,5.112
75,Estonia,2014,1.1977155718560644,0.2888969,3.7084172,3.3984056,0.52316594,0.16834277,-0.6075197468416847,-0.8115915567422964,-1.4017873817566762,5.429,10.208,5.581
76,Estonia,2015,0.6594016861309497,0.28927213,3.6881266,3.3946989,0.52308995,0.1695642,-0.6188383997394803,-0.7158692554060652,-0.7564325417975346,5.517,11.233,5.834
77,Finland,2011,0.9845379296059036,0.26405624,4.511381,3.9929056,0.8909164,0.47192234,0.4217625108001048,1.5270783054497166,0.1207778650437081,7.579,16.008,10.193
78,Finland,2012,0.8618255856113766,0.26419657,4.406468,4.003368,0.890852,0.47296742,0.3747641291786794,1.3204051548373996,0.0838154400473436,7.389,16.758,10.695
79,Finland,2014,0.6028415992131904,0.26445302,4.1834965,4.018936,0.89069825,0.47556847,0.2716825987839741,1.33889696305008,0.4643727650529154,7.406,18.093,11.14
80,Finland,2015,0.4317368255521928,0.264503,4.13494,4.0213614,0.89060366,0.47577435,0.2485333744767411,1.346511237020008,0.6662410369910742,7.413,18.088,11.556
81,France,2011,0.9276759333866152,0.26794285,4.0445805,6.2596593,0.90409017,0.45611948,1.3288059125675682,0.6209797030283465,-1.6355021429258372,6.746,18.569,11.24
82,France,2012,0.7540174974756372,0.26799536,3.9849403,6.2622643,0.9040932,0.45793402,1.3010261766665348,0.6405592646653026,-1.4144844094768692,6.764,18.944,11.372
83,France,2014,0.5223383699525693,0.2681568,3.8540428,6.2715583,0.9041193,0.46196046,1.2419118329807224,0.4349738674772604,-1.329276335456031,6.575,19.351,12.359
84,Georgia,2011,-1.266809142536127,0.27335104,3.266508,2.5121593,0.5252275,0.112632796,-1.3111891611942472,-2.483468569853517,0.0945297338768567,3.892,,
85,Georgia,2012,-1.2494678983642336,0.27413285,3.2756429,2.509171,0.52515745,0.11514854,-1.3064686034681183,-2.162581309692288,0.393355192140064,4.187,,
86,Georgia,2014,-0.7993484376804483,0.27586108,3.2950292,2.5035746,0.52501845,0.11954058,-1.296512350657385,-2.042928433021999,0.0529323553158342,4.297,,
87,Georgia,2015,-0.8048570523551052,0.27643597,3.299392,2.5016437,0.5249459,0.12139977,-1.294098502568954,-2.09187733711439,0.0070782178096693,4.252,,
88,Germany,2011,0.2652193477769266,0.2586014,3.5028772,6.2050614,0.7512708,0.41205332,0.9246733575484356,0.4317106072044342,-0.7581820981209278,6.572,15.268,10.918
89,Germany,2012,0.2146364719350434,0.2586948,3.5033655,6.217795,0.7508645,0.41420493,0.932257493471796,0.5404859496319694,-0.6064080157748701,6.672,15.301,11.004
90,Germany,2014,0.29691690099779,0.25894794,3.5008144,6.2353673,0.7494602,0.41812757,0.9412174295939604,0.6253307167254474,-0.6128036138663031,6.75,15.104,11.386
91,Germany,2015,0.258814100666602,0.2591541,3.501964,6.2348394,0.74880296,0.420048,0.9422704286041298,0.8907425522486337,-0.310341977022098,6.994,15.21,11.609
92,Greece,2011,-0.9646737030294305,0.27316624,5.4631195,5.6707363,0.9055279,0.4364925,1.7400499235067637,-0.0458131460524467,-0.8211893665297797,6.133,20.816,6.207
93,Greece,2012,-0.9106423089340052,0.27297807,5.264968,5.700089,0.9057607,0.4347287,1.6541814585604284,-0.805065036196645,-1.548604185823068,5.435,21.55,6.299
94,Greece,2014,-0.8205869226691987,0.2725174,4.829,5.7621937,0.90626085,0.43019718,1.4636514384690065,-1.4337865154277996,-2.076851031227607,4.857,20.832,4.979
95,Greece,2015,-0.8672016158724458,0.27234915,4.7407064,5.789596,0.90648717,0.42965356,1.4327436350700953,-1.242341912755337,-1.8078839319529865,5.033,20.708,5.295
96,Guatemala,2011,-1.2086787835429913,0.26330152,3.9116497,4.1958985,0.8012947,0.1786809,0.0287951645581624,0.1108233470432045,1.2907069660280337,6.277,,
97,Guatemala,2012,-1.152070207624588,0.26323485,3.8377476,4.2117705,0.8011949,0.17925279,-0.0002231425130723,-0.2285557213307065,0.9237376288069536,5.965,,
98,Guatemala,2014,-1.0766948487656562,0.26307926,3.711947,4.2434835,0.8009678,0.18062517,-0.0471048560439803,-0.0566906802952,1.0671090245144366,6.123,,
99,Guatemala,2015,-1.106522883780514,0.26309267,3.6883667,4.2540755,0.8008448,0.1814775,-0.053271405174306,0.1619477579841459,1.321742046938966,6.324,,
100,Guyana,2011,2.502337129864078,0.25900564,5.051435,4.347164,0.8697127,0.16987607,0.706791513805276,-0.1980986254509961,-3.4072272691203502,5.993,,
101,Hungary,2011,2.076601087219708,0.29014653,2.8498757,3.4590325,0.5378302,0.17111102,-0.9999211763013256,-1.3402397209401198,-2.4169196318585016,4.943,14.384,7.303
102,Hungary,2012,1.984342575935428,0.29047135,2.8391707,3.4505904,0.53779334,0.17200856,-1.0089661761918358,-1.5229822962183786,-2.4983586959619704,4.775,14.657,7.074
103,Hungary,2014,1.34867345566701,0.29117092,2.8276625,3.429955,0.5377081,0.17467797,-1.023499259577512,-1.4957884606114953,-1.8209626567009936,4.8,13.193,7.176
104,Hungary,2015,1.268254486159095,0.2913612,2.8250878,3.4221237,0.53766483,0.1756871,-1.0281572512200852,-1.120513529236498,-1.360610764175508,5.145,12.561,6.915
105,Hungary,2016,1.4263558815499209,0.29122773,2.832285,3.4109962,0.5376248,0.1772673,-1.0294280712875452,-0.9258056662912092,-1.3227334765535843,5.324,12.327,6.933
106,Iceland,2011,-0.2865180188122779,0.27756524,2.8840814,5.0819383,0.9063161,0.43261614,0.145469227466378,0.7754406892754463,0.9164894806213462,6.888,12.367,11.174
107,Iceland,2012,0.1919250431400415,0.2775324,2.8928893,5.09521,0.9076038,0.43440157,0.1581189581306644,1.2834215384120378,0.933377537141332,7.355,12.3,11.148
108,Iceland,2014,0.4814833787793575,0.27756023,2.9113383,5.118127,0.90968347,0.43664953,0.1811431096925516,1.5074987438127605,0.8448722553408511,7.561,12.465,11.157
109,Iceland,2015,0.2664726781810767,0.27762607,2.9143543,5.1212854,0.9098578,0.4386102,0.1853606651933401,1.4422335383562397,0.9904001949818226,7.501,12.036,10.692
110,Iceland,2016,0.5438091008578071,0.2781046,2.9122322,5.114162,0.9094681,0.44375566,0.1833407229826918,1.4454967986290648,0.7183469747885658,7.504,12.202,10.551
111,Ireland,2011,0.29073350373237,0.36095235,4.1613626,7.1265407,0.70073235,0.41121355,1.7459715089257963,1.2061910452884868,-0.8305139673696798,7.284,12.827,9.573
112,Ireland,2012,0.2487598978224411,0.3610856,4.1157265,7.151443,0.70093507,0.41329163,1.7367461539048528,0.9799383330392128,-1.0055677186880811,7.076,12.635,9.528
113,Ireland,2014,0.0157533736487168,0.36151093,4.0282927,7.187764,0.7011533,0.41831318,1.7138598658751687,0.8320038673377653,-0.8976093721861204,6.94,10.866,8.443
114,Israel,2011,-0.7593201355924276,0.30463564,4.434895,3.8193789,1.0488853,0.36184913,0.3404163242263388,1.1137320042250816,1.5326358155911703,7.199,,
115,Israel,2012,-0.7313442478687908,0.3045646,4.3490667,3.8111892,1.0497222,0.36451,0.2947968901430042,1.2246828535011682,1.6612302112269548,7.301,,
116,Israel,2014,-0.8577424939884412,0.30424586,4.174816,3.7871122,1.0515729,0.37171817,0.1993254649975742,1.1996645247428344,1.8580815537337008,7.278,,
117,Israel,2015,-0.949616240204578,0.30397296,4.133762,3.7767668,1.0518651,0.3747271,0.1749669876150547,1.1876992370758064,1.9623484896653296,7.267,,
118,Italy,2011,-0.5469340750858016,0.29430306,3.463267,5.495784,0.8912098,0.53435415,0.6975884923039043,0.4382371277500866,0.2875827105319839,6.578,19.67,7.686
119,Italy,2012,-0.5239194748427758,0.29341424,3.4741323,5.5252304,0.89209795,0.53432214,0.7178719710301799,-0.1676415295712866,-0.3615940257586907,6.021,20.394,7.634
120,Italy,2014,-0.5756295711209695,0.2918144,3.500165,5.5680614,0.8939111,0.5347384,0.7528669948332503,-0.247047529543387,-0.4242849532556678,5.948,21.147,7.677
121,Italy,2015,-0.6154753690817703,0.29140076,3.5063431,5.5766687,0.89417624,0.5356096,0.76067647521373,-0.2155026802394018,-0.3607037863713616,5.977,21.258,7.605
122,Jamaica,2011,-1.3294490711549387,0.27612913,2.8801172,4.012322,0.9442054,0.19113456,-0.4984053310393144,0.035768360768205,1.8636227629624584,6.208,,
123,Japan,2011,1.8310039498116712,0.30547157,2.1382244,2.4247406,0.644254,0.38723958,-1.7089869057926677,-0.1263068994488228,-0.2483239434678264,6.059,12.127,10.016
124,Japan,2012,1.5457995187915063,0.30592433,2.126476,2.3970327,0.64426374,0.38745466,-1.7285148720180674,-0.1208681323274461,0.0618472208991148,6.064,12.111,10.085
125,Japan,2014,1.3198172229752512,0.3066522,2.1054614,2.3496258,0.6442806,0.3874382,-1.762603441963858,-0.2046251459966484,0.2381610729919584,5.987,11.698,10.249
126,Japan,2015,1.1654364899695142,0.3067773,2.1013238,2.3362586,0.64428896,0.38718462,-1.7714788984638503,-0.2764168719988217,0.3296255364955143,5.921,11.444,10.793
127,Kazakhstan,2011,1.702260214847184,0.27923888,3.4315803,2.1142452,0.5076654,0.14736678,-1.416830020274234,-0.6321122417368629,-0.9175424363098132,5.594,,
128,Kazakhstan,2012,1.5098704036491892,0.27999407,3.4372268,2.1141398,0.5076402,0.15028055,-1.4122047609602328,-0.5483552280676606,-0.646020870756617,5.671,,
129,Kazakhstan,2014,1.3146317029227108,0.28140858,3.4562953,2.114135,0.5075899,0.15556279,-1.3992577905380534,-0.348208598000995,-0.2635825103856524,5.855,,
130,Kazakhstan,2015,1.0457675849939636,0.281887,3.460202,2.1137054,0.50756085,0.15774341,-1.3961824170534338,-0.2785923788473732,0.071822453212097,5.919,,
131,Kuwait,2011,-1.4295350353826433,0.27688277,3.9482918,4.3723187,0.80371445,0.3477918,0.2293054529180051,0.4338861140529847,1.634115696517623,6.574,,
132,Kuwait,2012,-1.3758174018982587,0.27663207,3.959464,4.4144664,0.8047312,0.3493495,0.2573261642219876,0.3697086620207386,1.4881998996970098,6.515,,
133,Kuwait,2014,-1.3427515074820875,0.27614608,3.9838965,4.499783,0.8065925,0.35045528,0.3138424019882221,0.1304029086801607,1.159312014174026,6.295,,
134,Kyrgyzstan,2011,-0.2095417002429822,0.26125875,3.4173188,2.0534813,0.5158261,0.086764246,-1.49007357271138,-1.465331364731785,0.2342839082225771,4.828,,
135,Kyrgyzstan,2012,-0.0717476656711656,0.26150277,3.4142256,2.055371,0.51582843,0.08787638,-1.4899955267542808,-1.2325521319368593,0.3291910604885872,5.042,,
136,Kyrgyzstan,2014,-0.2998563648684463,0.2620658,3.408539,2.0595846,0.5158285,0.08987303,-1.4894482673992673,-0.9671402964136728,0.8221643358540408,5.286,,
137,Kyrgyzstan,2015,-0.4472692677252951,0.26226377,3.4073129,2.0603633,0.5158184,0.090874285,-1.4890747537621865,-1.0770033922654838,0.8593406292219978,5.185,,
138,Latvia,2011,1.6480872258824208,0.28316277,3.748776,3.7771666,0.5206279,0.15246893,-0.4086211026616257,-1.537123090733959,-2.776589213954754,4.762,11.2,4.1
139,Latvia,2012,1.7152506157169645,0.28362972,3.7395191,3.7776363,0.520561,0.15397505,-0.4120862124289408,-1.2282011182397574,-2.531365521527781,5.046,10.2,3.8
140,Latvia,2014,1.3078577488080652,0.28455362,3.725428,3.7768476,0.52042586,0.15765508,-0.4173289293533855,-1.1716379401774395,-2.06216675963212,5.098,10.2,4.0
141,Latvia,2015,1.3751754347148355,0.28491953,3.7204535,3.7754884,0.52036035,0.15891068,-0.4197348562183016,-0.6690958581622256,-1.6245364366587594,5.56,10.5,4.1
142,Lithuania,2011,3.502133564399333,0.2836198,4.097671,4.3893685,0.52160174,0.15512528,0.077420801162229,-0.6386387622825151,-4.218193127844078,5.588,11.0,5.2
143,Lithuania,2012,3.1143153328984057,0.28447652,4.073483,4.3674273,0.52156067,0.15736163,0.0557282309411188,-0.8148548170151226,-3.984898380854647,5.426,10.6,4.9
144,Lithuania,2014,3.22528968932072,0.2863374,4.026949,4.3166423,0.52145857,0.16214956,0.0100176398405822,-0.3721391733350531,-3.607446502496356,5.833,9.8,4.6
145,Lithuania,2015,3.0953624296167117,0.2870162,4.012482,4.3036847,0.52140284,0.16478589,-0.0021513334888634,-0.3938942418205606,-3.4871053379484085,5.813,9.9,4.9
146,Lithuania,2016,3.2514934912749074,0.28790364,4.0095606,4.283735,0.52134776,0.16749556,-0.0118849561078765,-0.2970841870600536,-3.5366927222270843,5.902,9.7,4.9
147,Luxembourg,2011,0.0186783634273568,0.28109607,3.2346246,5.3125076,0.8969854,0.5495831,0.4940834275238734,0.9527444974323296,0.4399827064810991,7.051,13.917,6.871
148,Luxembourg,2012,-0.1360637547508574,0.2809691,3.226385,5.3124857,0.8967775,0.55233777,0.4911416976189434,0.9560077577051556,0.6009298148370696,7.054,14.565,6.371
149,Luxembourg,2014,0.2375167291112695,0.28070474,3.213686,5.3140073,0.8964564,0.55658114,0.4873550758131636,0.8385303878834167,0.1136585829589835,6.946,14.518,6.468
150,Luxembourg,2015,0.112940888690053,0.2806614,3.212435,5.3122964,0.8963835,0.5586582,0.4868509576672082,0.7569488810627658,0.1571570347055045,6.871,14.395,6.322
151,Malta,2011,-0.8780787396552426,0.27541226,2.9820638,6.276601,0.91275734,0.38258132,0.7733752691206749,-0.2339944884520832,-0.1292910179175154,5.96,12.4,6.2
152,Malta,2012,-0.7019738250285713,0.27564093,2.995023,6.2834086,0.9126444,0.38524866,0.7847308037991557,-0.2296434747549813,-0.3124004535255657,5.964,12.5,6.0
153,Malta,2014,-0.4695395218262372,0.27624458,3.027195,6.2975945,0.9124973,0.39305118,0.8122345054554688,0.1380171826500878,-0.2046778009791437,6.302,11.5,6.1
154,Malta,2015,-0.4105347823099881,0.2764986,3.034439,6.297858,0.9124354,0.3973738,0.8182885963763051,0.3403393195653048,-0.0674144945010122,6.488,10.3,5.9
155,Mauritius,2011,-0.1537104387910394,0.3028433,4.023178,3.8565311,0.33748543,0.12592065,-0.3261576509273473,-0.7593793923770794,-0.2795113026586927,5.477,,
156,Mauritius,2012,-0.1992999616746624,0.30413693,3.959649,3.8531513,0.33748728,0.12745106,-0.3584281565578923,-0.7593793923770794,-0.2016512741445245,5.477,,
157,Mauritius,2014,-0.1009216254696712,0.30697036,3.838286,3.8430538,0.3374917,0.130473,-0.4216774443829212,-0.7593793923770794,-0.2367803225244868,5.477,,
158,Mauritius,2015,-0.305642795855723,0.30770013,3.8136356,3.8378968,0.33749476,0.13203654,-0.4355312916647806,-0.5733735568259943,0.1678005306945094,5.648,,
159,Mauritius,2016,-0.1800060538087767,0.3074762,3.807705,3.820273,0.3374991,0.13465723,-0.4461835496030445,-0.5940408718872262,0.032148731524595,5.629,,
160,Mexico,2011,-0.8610710372820463,0.2839359,3.500861,3.652675,0.9155525,0.23843527,-0.3536018502460574,0.6144531824826941,1.8291260700107976,6.74,,
161,Mexico,2012,-0.8961554970411212,0.28404537,3.5144846,3.61244,0.9154642,0.23817073,-0.3671252218671649,0.9929913741305176,2.256272093038804,7.088,,
162,Mexico,2014,-0.814906859481325,0.28424886,3.5309756,3.5272696,0.9152877,0.23748134,-0.402043969273176,1.100678963133778,2.3176297918882787,7.187,,
163,Mexico,2015,-0.8193678023933004,0.28433225,3.533733,3.5079157,0.91520077,0.23766066,-0.4103130216182963,0.6557878126051568,1.8854686366167537,6.778,,
164,Mongolia,2016,1.213364962229863,0.27134055,4.022192,2.0148997,0.4999535,0.12864566,-1.1867293795617984,-1.327186679848815,-1.3538222625168796,4.955,,
165,Netherlands,2011,-0.0951989371962432,0.38139632,3.530849,6.368941,0.7877129,0.36725083,1.0789110759763556,1.4541988260232674,0.470486687243155,7.512,11.697,10.908
166,Netherlands,2012,-0.0048995391580191,0.3771613,3.5041094,6.547278,0.7877295,0.3706637,1.1548459741335286,1.4541988260232674,0.3042523910477579,7.512,11.938,11.072
167,Netherlands,2014,0.0645070078387352,0.3678469,3.4538138,6.916014,0.78773,0.37529758,1.3128476333813994,1.3084398671703703,-0.0689147740497642,7.378,12.078,10.954
168,Netherlands,2015,0.0786792187130693,0.36579278,3.4438915,6.985626,0.7877236,0.3769006,1.342675446188427,1.266017483623632,-0.1553371812778643,7.339,11.873,11.326
169,Netherlands,2016,0.3071031143110773,0.36598516,3.4800334,6.862225,0.7877106,0.37853342,1.2996465845533576,1.3073521137460948,-0.2993975851183401,7.377,11.787,11.317
170,New Zealand,2011,0.1347590200573192,0.3894694,3.652685,7.255383,1.5066193,0.57887274,2.059309474191843,1.301913346624718,-0.892155147624444,7.372,10.578,12.039
171,New Zealand,2012,0.3183241350754509,0.3892847,3.6709437,7.256376,1.5066789,0.5800334,2.069525616655697,1.1376625795591395,-1.250187172172008,7.221,10.488,12.014
172,Nicaragua,2011,-0.5772481684569153,0.27030048,3.2915576,4.285496,0.8522754,0.15305796,-0.2220542625563014,-1.153146131964758,-0.3538437009515413,5.115,,
173,Nicaragua,2012,-0.7375457170622208,0.27033734,3.283917,4.300191,0.85218346,0.15395269,-0.2180790219660593,-0.7267467896488194,0.2288779493794607,5.507,,
174,Nicaragua,2014,-0.7752299746074153,0.27037218,3.2699616,4.3318067,0.8520018,0.15623362,-0.208111066088927,-0.3775779404564297,0.6057631002399126,5.828,,
175,Nicaragua,2015,-0.7759249935090538,0.27043545,3.2666008,4.3427973,0.8519075,0.15748787,-0.2036529128659009,-0.1991863788752718,0.780391527499683,5.992,,
176,Norway,2011,0.2541978200772191,0.28323165,3.0649781,6.8614793,0.8298358,0.44994146,1.1057597735234796,1.4672518671145722,0.1072942735138733,7.524,12.146,10.115
177,Norway,2012,-0.0257263397619505,0.28326273,3.0776033,6.834079,0.82963437,0.45120144,1.0988681227433947,1.609747565694644,0.5366057827131998,7.655,12.036,10.081
178,Norway,2014,0.033574416089693,0.28333285,3.1207197,6.77282,0.82929546,0.45419383,1.0911035108317726,1.4650763602660215,0.3403984333445562,7.522,12.773,10.781
179,Norway,2015,0.1391713927608272,0.28335482,3.1464283,6.7566686,0.8291418,0.45619804,1.096859223916831,1.4389702780834133,0.202939661405755,7.498,13.836,11.599
180,Oman,2014,-1.5794354860144246,0.26555872,3.9046297,4.5862274,0.6860939,0.26892596,0.2103892690208496,0.7373693194258087,2.106415536419384,6.853,,
181,Panama,2011,-0.9830476169589668,0.28508297,2.9397197,3.560821,0.8500042,0.25280872,-0.7076261956065164,0.748246853668563,2.438920666234046,6.863,,
182,Panama,2012,-1.0325870506394492,0.2857305,2.9386625,3.5778873,0.85000795,0.25736618,-0.6969414369838507,1.0528178124656618,2.7823463000889617,7.143,,
183,Panama,2014,-1.0037175700421237,0.28688574,2.9384325,3.6155932,0.849999,0.2658846,-0.673202637974375,0.6644898399993597,2.3414100480158586,6.786,,
184,Panama,2015,-1.1636016332456574,0.2872083,2.9384346,3.629907,0.8499447,0.2695206,-0.6640274339165467,0.5720307989359545,2.3996598660981587,6.701,,
185,Paraguay,2011,-0.8395798518455263,0.27508578,3.5896237,6.159831,1.0899729,0.20454471,1.0199465758550033,-0.8453119128948331,-1.02567863690431,5.398,,
186,Paraguay,2012,-0.9093801339545282,0.27527013,3.623417,6.183371,1.0899434,0.20668787,1.049975370195207,-0.4308778582459225,-0.5714730944866013,5.779,,
187,Paraguay,2014,-0.6752745559801201,0.27567273,3.696587,6.2390456,1.0898882,0.21133132,1.1173714613338832,-0.3231902692426622,-0.7652871745964254,5.878,,
188,Philippines,2011,-1.1869066435530031,0.28575647,2.7503269,4.53881,0.3370175,0.09282775,-0.649059483920689,-1.4685946250046111,0.3673715024690809,4.825,,
189,Poland,2011,0.8465082215196907,0.291965,2.1224542,3.1162906,0.55096006,0.16778192,-1.5329768006193492,-0.404771776063314,0.2816968030363444,5.803,13.786,5.385
190,Poland,2012,0.9484975740570418,0.2925741,2.118935,3.1121585,0.5509217,0.17050603,-1.535170596816404,-0.3841044610020821,0.20256856175728,5.822,14.007,5.412
191,Poland,2014,0.7712613456377719,0.29381895,2.11352,3.1019056,0.55084735,0.17553602,-1.5399381410448367,-0.4178248171546178,0.350851978252447,5.791,14.273,5.558
192,Poland,2015,0.5636094368420221,0.29418284,2.1118062,3.0975196,0.5508126,0.17776369,-1.541722299703424,-0.3699636664865026,0.6081491963748992,5.835,14.245,5.537
193,Portugal,2011,-0.1465040025375616,0.26870367,4.764278,7.9884386,0.87282634,0.40570438,2.521047588800608,-0.922542406018383,-3.297085992281429,5.327,17.075,6.854
194,Portugal,2012,-0.0566078296145077,0.26856288,4.635066,7.959323,0.8728997,0.40678427,2.4418277295410955,-1.1683746799046133,-3.553594579831201,5.101,17.588,6.501
195,Portugal,2014,0.1688485034140821,0.26828983,4.353216,7.8983483,0.87300664,0.40972131,2.270585395204638,-1.1672869264803376,-3.6067208250990577,5.102,18.18,6.392
196,Puerto Rico,2011,-0.5342603140084007,0.29194292,2.7746656,4.3761883,0.94694513,0.30634406,-0.3009147158123478,0.4545534291142166,1.2897284589349651,6.593,,
197,Puerto Rico,2015,-0.6657853982213975,0.29141542,2.8211546,4.4306417,0.9466947,0.30873728,-0.2492693003248071,0.9396914563410248,1.8547461548872293,7.039,,
198,Qatar,2011,-1.2175109965357414,0.28524494,3.9466424,4.201815,0.74492943,0.33640116,0.1114858944748181,0.428447346931608,1.5344724489925312,6.569,,
199,Qatar,2012,-1.297027314589615,0.28515315,3.9364865,4.209256,0.7443501,0.33817598,0.1106745355856564,0.533959429086318,1.7203122080902764,6.666,,
200,Qatar,2014,-1.2542437204614827,0.28481936,3.920304,4.2333336,0.74383056,0.342324,0.1163094260923382,0.4741329907511727,1.6120672851203173,6.611,,
201,Qatar,2015,-1.202072761203353,0.2846868,3.9174216,4.2422414,0.7437574,0.34411168,0.1201402969706056,0.2174231826221892,1.2993556468549368,6.375,,
202,Qatar,2016,-1.1631885133077176,0.28462133,3.9136562,4.240043,0.74382836,0.3453544,0.1177656471045752,0.2174231826221892,1.2628460488253317,6.375,,
203,Romania,2011,0.199120646583767,0.28587744,2.6454294,3.2354736,0.6375818,0.14535205,-1.18034260732484,-1.084617666235411,-0.103395705494338,5.178,11.1,4.6
204,Romania,2012,0.2865925692359775,0.28641093,2.64365,3.2531416,0.6375242,0.1474501,-1.1710453469316366,-1.242341912755337,-0.3578891350596778,5.033,10.3,4.3
205,Romania,2014,0.0774031205893747,0.28741324,2.6415224,3.2895129,0.63741404,0.15123485,-1.1514459335865783,-1.1433563511462803,-0.0693135381490768,5.124,10.1,4.3
206,Romania,2015,0.0998480091124297,0.28773344,2.640764,3.2939792,0.63739026,0.1526677,-1.148707914587453,-0.7039039677390371,0.3449559377359863,5.528,10.1,4.1
207,Romania,2016,0.088634282790094,0.28795123,2.64304,3.2813609,0.63735974,0.15514188,-1.1525757931399776,-0.3808412007292559,0.6831003096206276,5.825,10.3,4.3
208,Serbia,2011,1.023736824041511,0.2840543,2.8318923,3.3694704,0.5406678,0.13434955,-1.0742294036220306,-1.7524982687404789,-1.702005689159959,4.564,,
209,Serbia,2012,1.0089615248375012,0.2845795,2.8229446,3.365633,0.5405978,0.1361638,-1.079524814559733,-1.481647666095916,-1.4110843763736842,4.813,,
210,Serbia,2014,0.8024758005685982,0.2856391,2.8110495,3.3580794,0.540523,0.13842759,-1.087682773381679,-1.1444441045705551,-0.8592371317574744,5.123,,
211,Serbia,2015,0.6612823391770867,0.28591478,2.8073838,3.3545988,0.54047257,0.13928807,-1.0907347205905258,-1.0857054196596867,-0.6562530382462476,5.177,,
212,Singapore,2011,-0.3709888868785543,0.31788614,1.9787933,2.7188978,0.7181219,0.40891522,-1.5867773780847436,0.4066922784461014,2.364458543409399,6.549,,
213,Singapore,2012,-0.0471147732377702,0.31777892,1.9686414,2.7139595,0.71808857,0.4146344,-1.5915671601536343,0.4034290181732752,2.04211095156468,6.546,,
214,Singapore,2014,-0.2165013832461792,0.31765857,1.9477776,2.7022684,0.71795315,0.42510414,-1.6028174780208568,0.6775428810906645,2.4968617423577006,6.798,,
215,Singapore,2015,-0.3286714266312712,0.31742936,1.9435817,2.7010484,0.71811366,0.4304964,-1.602863978070401,0.6133654290584183,2.5449008337600905,6.739,,
216,Slovakia,2012,0.005629596723595,0.293966,2.7200491,3.4534981,0.54261553,0.16867748,-1.0649778073450569,-0.2242047076336046,0.8351435029878571,5.969,10.598,6.633
217,Slovakia,2014,-0.0462849699169684,0.29434726,2.702602,3.4433794,0.542519,0.17259449,-1.076743347171235,-0.1959231186024456,0.9271051984857582,5.995,10.906,6.782
218,Slovenia,2011,1.6260726189310415,0.29887468,3.198042,3.396629,0.5469755,0.17654982,-0.8442789287615992,-0.275329118574547,-1.0571228087439897,5.922,15.757,7.334
219,Slovenia,2012,1.660839521980356,0.2990663,3.170064,3.3948138,0.5469312,0.17746557,-0.858746683455188,-0.1252191460245481,-0.927311984549716,6.06,15.771,7.436
220,Slovenia,2014,1.2660438545124393,0.2994261,3.1279106,3.3910072,0.5468587,0.17820108,-0.8813758968120072,-0.3558228719709231,-0.7404908296713552,5.848,15.505,7.217
221,Slovenia,2015,1.5132814184876424,0.29950804,3.1176937,3.3889303,0.54683584,0.17944098,-0.8869126054402022,-0.4428431459129516,-1.0692119589603917,5.768,15.177,7.238
222,South Africa,2011,-1.4967487823659782,0.22514525,4.129126,3.7870722,0.5569722,0.15858875,-0.2199307099363625,-1.1683746799046133,0.5483048123977274,5.101,,
223,South Africa,2012,-1.4590591157237915,0.22504047,4.1539626,3.7895062,0.5569795,0.15985069,-0.2056115449072639,-1.318484652454612,0.3461860081764434,4.963,,
224,South Africa,2014,-1.435904263380256,0.22476043,4.2062464,3.7955866,0.5569868,0.162355,-0.1750970733114477,-1.6676535016470009,-0.0566521649552973,4.642,,
225,South Africa,2015,-1.4669172650733804,0.22470798,4.2300396,3.7973688,0.55698884,0.1632405,-0.1617974296740028,-1.866712378289392,-0.2379976835420085,4.459,,
226,Spain,2011,-0.5541143732972467,0.26588783,4.4169974,5.275168,0.923807,0.5835277,1.093634520513521,0.6372960043924765,0.0977758571762021,6.761,15.846,8.816
227,Spain,2012,-0.4531025390200654,0.26586136,4.459497,5.29284,0.9239837,0.582039,1.123261371930344,0.1597722511355954,-0.5103865817746831,6.322,16.361,8.536
228,Spain,2014,-0.3275613485128601,0.26580942,4.524759,5.3172936,0.9243143,0.576135,1.1656070645464265,0.1673865251055225,-0.6706591909280436,6.329,16.651,8.16
229,Spain,2015,-0.4283835555138199,0.26577014,4.549931,5.3248467,0.9244504,0.57605064,1.1820928579398633,0.2021946346823339,-0.5515146677437093,6.361,15.913,8.202
230,Suriname,2012,2.3403882612645286,0.27412817,4.7245193,4.1150036,0.8968744,0.2194073,0.4714910707690258,0.1021213196490017,-2.709758012384553,6.269,,
231,Suriname,2014,2.110016361074618,0.27524853,4.721392,4.1369367,0.89705306,0.22345048,0.4836513826207568,0.1021213196490017,-2.491546424046373,6.269,,
232,Sweden,2011,0.2017594956419628,0.27963156,4.22631,4.7557306,0.974864,0.47831133,0.7156816545314398,1.3095276205946451,0.3920864704212425,7.379,11.416,13.067
233,Sweden,2012,0.2566051526037513,0.27958226,4.1989436,4.7743897,0.9747945,0.48268986,0.7134419726454699,1.419390716446457,0.4493435911972357,7.48,11.945,13.489
234,Sweden,2014,0.2132222382140438,0.27949017,4.1359577,4.814231,0.9745827,0.4914327,0.7060365854505717,1.2932113192305152,0.3739524955658997,7.364,11.808,13.854
235,Sweden,2015,0.2671401378371278,0.27936536,4.120638,4.8231792,0.97445,0.49534827,0.7046701668407078,1.2138053192584148,0.2419950145805791,7.291,11.431,13.836
236,Sweden,2016,0.4027072490552207,0.27535465,4.11966,4.815395,0.9743236,0.50228727,0.701668707989748,1.2061910452884868,0.101815088243518,7.284,11.534,14.242
237,Switzerland,2011,0.380643309892681,0.2800994,3.754557,6.8639407,0.94258153,0.49119282,1.5302251273344327,1.440058031507688,-0.4708104057194258,7.499,15.609,8.107
238,Switzerland,2012,0.3679581908464604,0.2801868,3.7400513,6.860276,0.9424577,0.49222958,1.5215787215983032,1.6043087985732674,-0.2852281138714962,7.65,15.751,8.421
239,Switzerland,2014,0.3027196264279293,0.28037176,3.7073913,6.846777,0.9422369,0.4922007,1.4983016448156672,1.5357803328439192,-0.2652409383996772,7.587,16.038,8.719
240,Switzerland,2015,0.3577477619076631,0.28043953,3.6999056,6.8399982,0.9421385,0.49183723,1.4909199507909128,1.4509355657504424,-0.3977321469481336,7.509,16.37,9.183
241,Thailand,2011,-0.6783479251186176,0.29536995,2.8844223,3.336034,0.32979944,0.12136178,-1.171644278044109,-0.4036840226390383,1.446308180523688,5.804,,
242,Thailand,2012,-0.653390579656956,0.29683796,2.878475,3.3432503,0.3297955,0.12291777,-1.1694844177181698,0.2130721689250882,2.0359471663002138,6.371,,
243,Thailand,2014,-0.6730131875001454,0.29991552,2.8683243,3.3569534,0.3297907,0.12582982,-1.164681724004593,0.3044434565642177,2.142138368068956,6.455,,
244,Thailand,2015,-0.6151711061806696,0.3005814,2.866937,3.3612075,0.3297895,0.12704796,-1.1622899375056197,0.3251107716254496,2.102571815311739,6.474,,
245,Thailand,2016,-0.4938101003394032,0.29977414,2.8631024,3.3660066,0.32978442,0.12859704,-1.1614332367877698,0.270723100411682,1.9259664375388552,6.424,,
246,Trinidad and Tobago,2011,0.0166322353322915,0.28505796,3.7548053,3.7807705,0.90898687,0.27583566,-0.1451237980362464,0.0955947991033493,0.2240863618073042,6.263,,
247,Turkey,2011,-1.3634054874291797,0.24771115,4.090324,4.4414186,0.7965086,0.2650534,0.2756424602155278,-1.023703474475991,0.0640595527376608,5.234,,
248,Turkey,2012,-1.303452559365989,0.24770357,4.082614,4.459596,0.79636985,0.26817352,0.2824110978690961,-0.9029628443814268,0.1180786171154659,5.345,,
249,Turkey,2014,-1.2777967583142542,0.24770084,4.0664144,4.497034,0.7959744,0.27537036,0.296529840332477,-0.9171036388970064,0.0641632790847708,5.332,,
250,Turkey,2015,-1.2992393417289214,0.24773648,4.0584426,4.506104,0.7958346,0.2785622,0.2986377418636141,-0.8551016937133107,0.1454999061519966,5.389,,
251,Turkmenistan,2011,-1.2011213633925248,0.27372354,3.063073,2.2900734,0.5062214,0.12639229,-1.527925018921081,0.4273595935073323,3.156405975820938,6.568,,
252,Turkmenistan,2012,-1.182006118476353,0.27494732,3.061322,2.2994535,0.5061727,0.13036689,-1.5214899539101203,-0.5951286253115009,2.108367447074973,5.628,,
253,Turkmenistan,2014,-1.1987254309554627,0.27759656,3.0615737,2.3220482,0.5060831,0.13754432,-1.5050817562783705,-0.6821488992535294,2.021658287980304,5.548,,
254,Turkmenistan,2015,-1.213894186529407,0.27868316,3.0603309,2.329335,0.5060417,0.14101158,-1.4997657944740668,-0.56249602258324,2.151163958420234,5.658,,
255,Ukraine,2011,1.4036431915260807,0.27081847,4.0276003,3.119328,0.5214986,0.11587107,-0.6236905091977157,-1.181427720995917,-1.961380403324282,5.089,,
256,Ukraine,2012,1.44341621133182,0.27117696,3.9822237,3.1206193,0.5214586,0.116908,-0.6452081779979075,-1.2162358305727283,-2.0144438639066413,5.057,,
257,Ukraine,2014,1.238909193151841,0.2718974,3.9005053,3.1196063,0.5213799,0.118681595,-0.6856532830626697,-1.6252311181002623,-2.178487028189433,4.681,,
258,Ukraine,2015,1.106131461504306,0.2720728,3.8831425,3.1196241,0.52136177,0.11927555,-0.6940094814558062,-2.0135590905665643,-2.425681070615064,4.324,,
259,United Kingdom,2011,-0.528929818569061,0.25662947,3.9695091,4.495006,1.0949289,0.40921468,0.4691521595700531,0.8276528536406633,0.8874305126396711,6.936,11.445,11.94
260,United Kingdom,2012,-0.531516020569595,0.2612995,4.0222654,4.4904194,1.0948524,0.41036624,0.4963022614344148,0.7700019221540696,0.8052156812892497,6.883,11.602,11.919
261,United Kingdom,2014,-0.4647341595321077,0.27129802,4.136073,4.4766536,1.0947104,0.41291305,0.5529267374576213,0.7525978673656639,0.6644052894401503,6.867,11.087,11.19
262,United Kingdom,2015,-0.4454510545281117,0.27356958,4.1568666,4.472304,1.0946536,0.41451535,0.5631296862751899,0.5981368811185631,0.4804582493714849,6.725,10.843,11.06
263,United States,2011,0.359704785778547,0.45854303,4.495158,5.6901655,0.6020305,0.45549324,1.2124792303088767,1.1909624973486317,-0.3812215187387919,7.27,,
264,United States,2012,0.3965260778191098,0.45496657,4.4685616,5.5317607,0.6019393,0.4452832,1.1123289302952435,0.9864648535848652,-0.5223901545294883,7.082,,
265,United States,2014,0.4688838052044434,0.4460982,4.404113,5.232689,0.60175693,0.4229443,0.9134624393333276,1.026711730283053,-0.3556345142547179,7.119,,
266,United States,2015,0.5211691655294232,0.4423769,4.3821406,5.172533,0.60166377,0.41873553,0.8680643966489707,1.0103954289189232,-0.3788381332594708,7.104,,
267,Uruguay,2012,1.1395635992219637,0.3124522,2.7853043,5.086002,0.98410314,0.32114312,0.0983787773582932,0.1956681141366825,-1.0422742624435744,6.355,,
268,Uruguay,2014,1.080953254825664,0.31195372,2.8589888,5.1353183,0.9841829,0.33399767,0.1665811815717892,0.3370760592924786,-0.9104583771049746,6.485,,
269,Uruguay,2015,1.2465406589771684,0.31190062,2.872776,5.148032,0.9842219,0.33929032,0.1825844954063291,0.4023412647489995,-1.026783889634498,6.545,,
270,Uzbekistan,2011,-0.6948155741420629,0.26631826,3.1704993,2.017905,0.51137406,0.10009405,-1.625262383189101,-1.0334932552944696,1.2865847020366945,5.225,,
271,Uzbekistan,2012,-0.6019453617045403,0.26697358,3.1722565,2.0168402,0.5113712,0.10253752,-1.6233546776152528,-0.6005673924328776,1.6247326468869154,5.623,,
272,Uzbekistan,2014,-0.4986494234641075,0.2684795,3.1768477,2.015029,0.5113609,0.10719344,-1.618856983739313,-0.1872210912082428,1.9302853159951776,6.003,,
